{"messageNumber":1,"recipient":"+27735510212","messageID":"1858350741","messageHash":"18:1:HUDJH","message":"hu hjij jhdbh djh"}
{"messageNumber":1,"recipient":"+27735510212","messageID":"2314512824","messageHash":"23:1:RVVHB","message":"rvv bbhd hb"}
{"messageNumber":1,"recipient":"+27735510212","messageID":"8658160726","messageHash":"86:1:HIU","message":"hi how are u"}
{"messageNumber":3,"recipient":"+1234567890","messageID":"5264839407","messageHash":"52:3:TESTMESSAGE","message":"Test storage message"}
{"messageNumber":3,"recipient":"+1234567890","messageID":"8894418279","messageHash":"88:3:TESTMESSAGE","message":"Test storage message"}
{"messageNumber":3,"recipient":"+1234567890","messageID":"5179531798","messageHash":"51:3:TESTMESSAGE","message":"Test storage message"}
{"messageNumber":4,"recipient":"+1234567890","messageID":"9146436806","messageHash":"91:4:TESTMESSAGE","message":"Test storage message"}
{"messageNumber":4,"recipient":"+1234567890","messageID":"1801888560","messageHash":"18:4:TESTMESSAGE","message":"Test storage message"}
{"messageNumber":4,"recipient":"+1234567890","messageID":"8713970470","messageHash":"87:4:TESTMESSAGE","message":"Test storage message"}
{"messageNumber":5,"recipient":"+1234567890","messageID":"5152033614","messageHash":"51:5:TESTMESSAGE","message":"Test storage message"}
{"messageNumber":9,"recipient":"+27718693002","messageID":"0615807071","messageHash":"06:9:TESTMESSAGE","message":"Test store message"}
{"messageNumber":1,"recipient":"+27735510212","messageID":"1082195863","messageHash":"10:1:HI,GOOD?","message":"hi, you good?"}
{"messageNumber":1,"recipient":"+27735510212","messageID":"9789302614","messageHash":"97:1:HI,GOOD?","message":"hi, you good?"}
{"messageNumber":9,"recipient":"+27718693002","messageID":"9162352832","messageHash":"91:9:TESTMESSAGE","message":"Test store message"}
{"messageNumber":9,"recipient":"+27718693002","messageID":"0781237800","messageHash":"07:9:TESTMESSAGE","message":"Test store message"}
